{
  "num_scenarios": 2,
  "scenarios": {
    "1": [
      33,
      99,
      97,
      116,
      18
    ],
    "2": [
      92,
      17,
      99,
      15,
      116
    ]
  },
  "base_generation": {
    "32": 0.5480728923306222,
    "29": 0.7599999977189297,
    "81": 0.4999999989964551,
    "54": 0.36692719336459184,
    "78": 0.49999999914466164,
    "1": 0.0,
    "2": 0.0,
    "74": 3.999999995661647,
    "41": 1.5499999968771734,
    "65": 0.549999996429187,
    "53": 0.3669271933645914,
    "51": 0.0,
    "27": 0.0,
    "75": 0.49999999909956266,
    "42": 1.549999996980674,
    "33": 3.5499999940390468,
    "28": 0.0,
    "52": 0.0,
    "50": 0.5499999923486528,
    "63": 0.5499999963830263,
    "92": 0.0,
    "88": 0.49999999913919974,
    "93": 0.49999999912589244,
    "26": 0.7599999973990177,
    "10": 0.549999992124739,
    "77": 0.4999999990869284,
    "87": 0.4999999991811037,
    "24": 0.0,
    "58": 0.0,
    "25": 0.0,
    "23": 0.5499999930515104,
    "49": 0.5499999923421717,
    "59": 0.0,
    "5": 0.0,
    "31": 0.5480728923305392,
    "89": 0.49999999919314425,
    "62": 0.0,
    "43": 3.4999999944162306,
    "90": 0.4999999991341441,
    "39": 3.54999999312186,
    "34": 0.5499999916206749,
    "44": 0.0,
    "94": 0.49999999914374516,
    "55": 0.5500000000717956,
    "86": 0.4999999991736367,
    "17": 1.549999997045398,
    "71": 3.549999994470741,
    "37": 0.5499999889342598,
    "47": 0.0,
    "9": 3.5499999949455474,
    "73": 0.0,
    "82": 0.0,
    "12": 0.5499999921280331,
    "79": 0.49999999910458703,
    "20": 3.4999999948668843,
    "6": 0.0,
    "84": 0.4999999991076813,
    "80": 0.49999999913607795,
    "70": 0.5499999955522582,
    "14": 0.0,
    "7": 0.7599999978103822,
    "96": 0.49999999916680465,
    "57": 3.5499999950235828,
    "8": 0.7599999978720867,
    "64": 0.5499999963500734,
    "19": 1.549999996764501,
    "91": 0.49999999915513577,
    "69": 0.5499999955235308,
    "60": 0.0,
    "4": 0.7599999978869343,
    "22": 0.5499999930427693,
    "11": 0.5499999920943858,
    "35": 0.549999991646006,
    "13": 0.5499999921582142,
    "67": 3.549999994878612,
    "61": 0.0,
    "15": 0.0,
    "16": 1.5499999973230612,
    "40": 3.5499999953039114,
    "46": 0.0,
    "21": 0.5499999930238941,
    "38": 1.5499999975140837,
    "72": 3.5499999942182705,
    "83": 0.49999999914975934,
    "45": 0.0,
    "68": 3.549999995362284,
    "56": 0.5500000001148474,
    "36": 0.5499999889554493,
    "95": 0.49999999919493904,
    "66": 1.5499999973255738,
    "76": 0.4999999991349091,
    "85": 0.49999999908945375,
    "48": 0.0,
    "18": 3.5499999950900194,
    "30": 0.7599999978150296,
    "3": 0.7599999978757528
  },
  "baseMVA": 100.0,
  "termination_status": "OPTIMAL",
  "total_base_shunt": 0.0,
  "total_scenario_ramping": {
    "up_ramping": {
      "1": 0.0,
      "2": 0.0
    },
    "down_ramping": {
      "1": 0.0,
      "2": 0.11
    }
  },
  "load_shed": {
    "42": [
      0.0,
      0.055299999999999905
    ],
    "41": [
      0.0,
      0.05469999999999997
    ]
  },
  "off_branch": [
    116,
    117,
    118,
    119,
    120
  ],
  "generator_ramping": {
    "81": [
      0.0,
      0.10999997130728793
    ]
  },
  "total_base_load": 85.5,
  "total_base_generation": 85.5,
  "num_iterations": 1,
  "objective_value": 2188.3196,
  "costs": {
    "generation": {
      "32": 43.99613183501683,
      "29": 23.735361611722833,
      "81": 0.0,
      "54": 48.51372934343434,
      "78": 0.0,
      "1": 118.38716995370369,
      "2": 118.38716995370369,
      "74": 8.1035,
      "41": 21.302951266427716,
      "65": 34.14462060606061,
      "53": 48.51372934343434,
      "51": 124.07359032407406,
      "27": 114.96343504629631,
      "75": 0.0,
      "42": 21.302951266427716,
      "33": 29.168291615738358,
      "28": 114.96343504629631,
      "52": 124.07359032407406,
      "50": 41.64213222222222,
      "63": 34.14462060606061,
      "92": 0.0,
      "88": 0.0,
      "93": 0.0,
      "26": 25.435791209655658,
      "10": 40.14569638047138,
      "77": 0.0,
      "87": 0.0,
      "24": 117.64910430555555,
      "58": 123.35636426143752,
      "25": 117.64910430555555,
      "23": 39.331251835016836,
      "49": 41.64213222222222,
      "59": 123.35636426143752,
      "5": 123.32824171296294,
      "31": 43.99613183501683,
      "89": 0.0,
      "62": 123.35636426143752,
      "43": 22.624312447089945,
      "90": 0.0,
      "39": 35.82141730511828,
      "34": 40.14569638047138,
      "44": 58.652174949494956,
      "94": 0.0,
      "55": 41.26780735690236,
      "86": 0.0,
      "17": 24.67496107526881,
      "71": 28.715664964338444,
      "37": 41.99752484848486,
      "47": 124.07359032407406,
      "9": 27.185603831837046,
      "73": 0.0,
      "82": 0.0,
      "12": 40.14569638047138,
      "79": 0.0,
      "20": 23.488738634920637,
      "6": 123.32824171296294,
      "84": 0.0,
      "80": 0.0,
      "70": 36.5010677946128,
      "14": 154.94393552756287,
      "7": 22.341218887016222,
      "96": 0.0,
      "57": 27.720264387297767,
      "8": 22.341218887016222,
      "64": 34.14462060606061,
      "19": 23.22601665471923,
      "91": 0.0,
      "69": 36.5010677946128,
      "60": 123.35636426143752,
      "4": 22.12794190296677,
      "22": 39.331251835016836,
      "11": 40.14569638047138,
      "35": 40.14569638047138,
      "13": 40.14569638047138,
      "67": 29.7150284854092,
      "61": 123.35636426143752,
      "15": 154.94393552756287,
      "16": 23.333282066905614,
      "40": 26.734682613243493,
      "46": 58.652174949494956,
      "21": 39.331251835016836,
      "38": 21.885746995221027,
      "72": 28.715664964338444,
      "83": 0.0,
      "45": 58.652174949494956,
      "68": 27.24417035311512,
      "56": 41.26780735690236,
      "36": 41.99752484848486,
      "95": 0.0,
      "66": 23.750912526881717,
      "76": 0.0,
      "85": 0.0,
      "48": 124.07359032407406,
      "18": 27.426400711881353,
      "30": 23.735361611722833,
      "3": 22.12794190296677
    },
    "up_ramping": {
      "32": 44.436093153367004,
      "29": 23.972715227840062,
      "81": 0.0,
      "54": 48.998866636868684,
      "78": 0.0,
      "1": 119.57104165324073,
      "2": 119.57104165324073,
      "74": 8.184535,
      "41": 21.515980779091993,
      "65": 34.486066812121216,
      "53": 48.998866636868684,
      "51": 125.31432622731481,
      "27": 116.11306939675927,
      "75": 0.0,
      "42": 21.515980779091993,
      "33": 29.459974531895742,
      "28": 116.11306939675927,
      "52": 125.31432622731481,
      "50": 42.05855354444444,
      "63": 34.486066812121216,
      "92": 0.0,
      "88": 0.0,
      "93": 0.0,
      "26": 25.690149121752214,
      "10": 40.54715334427609,
      "77": 0.0,
      "87": 0.0,
      "24": 118.8255953486111,
      "58": 124.58992790405189,
      "25": 118.8255953486111,
      "23": 39.72456435336701,
      "49": 42.05855354444444,
      "59": 124.58992790405189,
      "5": 124.56152413009256,
      "31": 44.436093153367004,
      "89": 0.0,
      "62": 124.58992790405189,
      "43": 22.850555571560843,
      "90": 0.0,
      "39": 36.17963147816946,
      "34": 40.54715334427609,
      "44": 59.238696698989905,
      "94": 0.0,
      "55": 41.680485430471386,
      "86": 0.0,
      "17": 24.9217106860215,
      "71": 29.00282161398183,
      "37": 42.417500096969704,
      "47": 125.31432622731481,
      "9": 27.457459870155418,
      "73": 0.0,
      "82": 0.0,
      "12": 40.54715334427609,
      "79": 0.0,
      "20": 23.723626021269844,
      "6": 124.56152413009256,
      "84": 0.0,
      "80": 0.0,
      "70": 36.86607847255893,
      "14": 156.4933748828385,
      "7": 22.564631075886386,
      "96": 0.0,
      "57": 27.997467031170746,
      "8": 22.564631075886386,
      "64": 34.486066812121216,
      "19": 23.458276821266423,
      "91": 0.0,
      "69": 36.86607847255893,
      "60": 124.58992790405189,
      "4": 22.34922132199644,