{
  "num_scenarios": 1,
  "scenarios": {
    "1": [
      92,
      120,
      94,
      91
    ]
  },
  "base_generation": {
    "32": 0.11699631097638245,
    "29": 0.7599999829651735,
    "81": 0.4999999925957477,
    "54": 0.0,
    "78": 0.49999999450095794,
    "1": 0.0,
    "2": 0.0,
    "74": 3.999999986551296,
    "41": 1.5499999871149293,
    "65": 0.5499999743138035,
    "53": 0.0,
    "51": 0.0,
    "27": 0.0,
    "75": 0.4999999940975444,
    "42": 1.5499999875929922,
    "33": 3.5499999794297734,
    "28": 0.0,
    "52": 0.0,
    "50": 0.5499999252455645,
    "63": 0.5499999743699283,
    "92": 0.0,
    "88": 0.4999999944329821,
    "93": 0.49999999416165053,
    "26": 0.7599999808727266,
    "10": 0.5499999782946517,
    "77": 0.4999999938010371,
    "87": 0.49999999467894884,
    "24": 0.0,
    "58": 0.0,
    "25": 0.0,
    "23": 0.5499999798594254,
    "49": 0.5499999253215192,
    "59": 0.0,
    "5": 0.0,
    "31": 0.0,
    "89": 0.4999999945112099,
    "62": 0.0,
    "43": 3.4999999840967937,
    "90": 0.49999999426533664,
    "39": 3.5499999726189735,
    "34": 0.5499999375154073,
    "44": 0.0,
    "94": 0.49999999439403775,
    "55": 0.5499999994432002,
    "86": 0.4999999943011759,
    "17": 1.549999989512548,
    "71": 3.549999978321643,
    "37": 0.5499999323178754,
    "47": 0.0,
    "9": 3.40300488215248,
    "73": 0.0,
    "82": 0.0,
    "12": 0.5499999785013381,
    "79": 0.49999999425037206,
    "20": 3.499999987018132,
    "6": 0.0,
    "84": 0.4999999943361472,
    "80": 0.49999999465079825,
    "70": 0.5499999676320385,
    "14": 0.0,
    "7": 0.7599999912676739,
    "96": 0.4999999942454761,
    "57": 3.5499999789043204,
    "8": 0.7599999917668521,
    "64": 0.5499999740728548,
    "19": 1.5499999885317146,
    "91": 0.4999999943571591,
    "69": 0.5499999671109371,
    "60": 0.0,
    "4": 0.7599999915849708,
    "22": 0.5499999794210545,
    "11": 0.5499999784664128,
    "35": 0.5499999376662286,
    "13": 0.5499999784603418,
    "67": 3.5499999801333657,
    "61": 0.0,
    "15": 0.0,
    "16": 1.5499999884983386,
    "40": 3.549999982108536,
    "46": 0.0,
    "21": 0.5499999793807113,
    "38": 1.5499999880543596,
    "72": 3.5499999786629752,
    "83": 0.4999999937377568,
    "45": 0.0,
    "68": 3.549999980468593,
    "56": 0.5499999994513035,
    "36": 0.5499999330201387,
    "95": 0.49999999427124925,
    "66": 1.5499999857015354,
    "76": 0.4999999941534818,
    "85": 0.4999999942942163,
    "48": 0.0,
    "18": 3.549999980409031,
    "30": 0.759999982557793,
    "3": 0.7599999912894249
  },
  "baseMVA": 100.0,
  "termination_status": "OPTIMAL",
  "total_base_shunt": 0.0,
  "load_shed": {
    "42": [
      1.71
    ],
    "41": [
      0.15
    ]
  },
  "total_ramping": {
    "up_ramping": {
      "1": 0.0
    },
    "down_ramping": {
      "1": 0.0
    }
  },
  "generator_ramping": {},
  "turned_off_branches": [
    74,
    90,
    98
  ],
  "total_base_load": 85.5,
  "total_base_generation": 83.64,
  "num_iterations": 1,
  "objective_value": 4902.362,
  "costs": {
    "generation": {
      "32": 43.99613183501683,
      "29": 23.735361611722833,
      "81": 0.0,
      "54": 48.51372934343434,
      "78": 0.0,
      "1": 118.38716995370369,
      "2": 118.38716995370369,
      "74": 8.1035,
      "41": 21.302951266427716,
      "65": 34.14462060606061,
      "53": 48.51372934343434,
      "51": 124.07359032407406,
      "27": 114.96343504629631,
      "75": 0.0,
      "42": 21.302951266427716,
      "33": 29.168291615738358,
      "28": 114.96343504629631,
      "52": 124.07359032407406,
      "50": 41.64213222222222,
      "63": 34.14462060606061,
      "92": 0.0,
      "88": 0.0,
      "93": 0.0,
      "26": 25.435791209655658,
      "10": 40.14569638047138,
      "77": 0.0,
      "87": 0.0,
      "24": 117.64910430555555,
      "58": 123.35636426143752,
      "25": 117.64910430555555,
      "23": 39.331251835016836,
      "49": 41.64213222222222,
      "59": 123.35636426143752,
      "5": 123.32824171296294,
      "31": 43.99613183501683,
      "89": 0.0,
      "62": 123.35636426143752,
      "43": 22.624312447089945,
      "90": 0.0,
      "39": 35.82141730511828,
      "34": 40.14569638047138,
      "44": 58.652174949494956,
      "94": 0.0,
      "55": 41.26780735690236,
      "86": 0.0,
      "17": 24.67496107526881,
      "71": 28.715664964338444,
      "37": 41.99752484848486,
      "47": 124.07359032407406,
      "9": 27.185603831837046,
      "73": 0.0,
      "82": 0.0,
      "12": 40.14569638047138,
      "79": 0.0,
      "20": 23.488738634920637,
      "6": 123.32824171296294,
      "84": 0.0,
      "80": 0.0,
      "70": 36.5010677946128,
      "14": 154.94393552756287,
      "7": 22.341218887016222,
      "96": 0.0,
      "57": 27.720264387297767,
      "8": 22.341218887016222,
      "64": 34.14462060606061,
      "19": 23.22601665471923,
      "91": 0.0,
      "69": 36.5010677946128,
      "60": 123.35636426143752,
      "4": 22.12794190296677,
      "22": 39.331251835016836,
      "11": 40.14569638047138,
      "35": 40.14569638047138,
      "13": 40.14569638047138,
      "67": 29.7150284854092,
      "61": 123.35636426143752,
      "15": 154.94393552756287,
      "16": 23.333282066905614,
      "40": 26.734682613243493,
      "46": 58.652174949494956,
      "21": 39.331251835016836,
      "38": 21.885746995221027,
      "72": 28.715664964338444,
      "83": 0.0,
      "45": 58.652174949494956,
      "68": 27.24417035311512,
      "56": 41.26780735690236,
      "36": 41.99752484848486,
      "95": 0.0,
      "66": 23.750912526881717,
      "76": 0.0,
      "85": 0.0,
      "48": 124.07359032407406,
      "18": 27.426400711881353,
      "30": 23.735361611722833,
      "3": 22.12794190296677
    },
    "up_ramping": {
      "32": 44.436093153367004,
      "29": 23.972715227840062,
      "81": 0.0,
      "54": 48.998866636868684,
      "78": 0.0,
      "1": 119.57104165324073,
      "2": 119.57104165324073,
      "74": 8.184535,
      "41": 21.515980779091993,
      "65": 34.486066812121216,
      "53": 48.998866636868684,
      "51": 125.31432622731481,
      "27": 116.11306939675927,
      "75": 0.0,
      "42": 21.515980779091993,
      "33": 29.459974531895742,
      "28": 116.11306939675927,
      "52": 125.31432622731481,
      "50": 42.05855354444444,
      "63": 34.486066812121216,
      "92": 0.0,
      "88": 0.0,
      "93": 0.0,
      "26": 25.690149121752214,
      "10": 40.54715334427609,
      "77": 0.0,
      "87": 0.0,
      "24": 118.8255953486111,
      "58": 124.58992790405189,
      "25": 118.8255953486111,
      "23": 39.72456435336701,
      "49": 42.05855354444444,
      "59": 124.58992790405189,
      "5": 124.56152413009256,
      "31": 44.436093153367004,
      "89": 0.0,
      "62": 124.58992790405189,
      "43": 22.850555571560843,
      "90": 0.0,
      "39": 36.17963147816946,
      "34": 40.54715334427609,
      "44": 59.238696698989905,
      "94": 0.0,
      "55": 41.680485430471386,
      "86": 0.0,
      "17": 24.9217106860215,
      "71": 29.00282161398183,
      "37": 42.417500096969704,
      "47": 125.31432622731481,
      "9": 27.457459870155418,
      "73": 0.0,
      "82": 0.0,
      "12": 40.54715334427609,
      "79": 0.0,
      "20": 23.723626021269844,
      "6": 124.56152413009256,
      "84": 0.0,
      "80": 0.0,
      "70": 36.86607847255893,
      "14": 156.4933748828385,
      "7": 22.564631075886386,
      "96": 0.0,
      "57": 27.997467031170746,
      "8": 22.564631075886386,
      "64": 34.486066812121216,
      "19": 23.458276821266423,
      "91": 0.0,
      "69": 36.86607847255893,
      "60": 124.58992790405189,
      "4": 22.34922132199644,
      "22": 39.72456435336701,
      "11": 40.54715334427609,
      "35": 40.54715334427609,
      "13": 40.54715334427609,
      "67": 30.01217877026329,
      "61": 124.58992790405189,
      "15": 156.4933748828385,
      "16": 23.56661488757467,
      "40": 27.002029439375928,