{
  "num_scenarios": 50,
  "scenarios": {
    "32": [
      93,
      95
    ],
    "29": [
      87,
      95
    ],
    "1": [
      93,
      95
    ],
    "2": [
      93,
      87
    ],
    "41": [
      93,
      95
    ],
    "27": [
      87,
      95
    ],
    "42": [
      93,
      87,
      95
    ],
    "33": [
      87,
      95
    ],
    "28": [
      93,
      87
    ],
    "50": [
      93,
      87
    ],
    "26": [
      93,
      95
    ],
    "10": [
      93,
      95
    ],
    "24": [
      87,
      95
    ],
    "25": [
      93,
      87
    ],
    "23": [
      87,
      95
    ],
    "49": [
      93,
      87,
      95
    ],
    "5": [
      87,
      95
    ],
    "31": [
      87,
      95
    ],
    "43": [
      87,
      95
    ],
    "39": [
      93,
      87,
      95
    ],
    "34": [
      93,
      87,
      95
    ],
    "44": [
      93,
      87,
      95
    ],
    "17": [
      93,
      87
    ],
    "37": [
      93,
      87,
      95
    ],
    "47": [
      93,
      87
    ],
    "9": [
      93,
      95
    ],
    "12": [
      93,
      87
    ],
    "20": [
      93,
      87,
      95
    ],
    "6": [
      93,
      87
    ],
    "14": [
      93,
      87,
      95
    ],
    "7": [
      87,
      95
    ],
    "8": [
      93,
      87
    ],
    "19": [
      87,
      95
    ],
    "4": [
      93,
      87,
      95
    ],
    "22": [
      87,
      95
    ],
    "11": [
      93,
      87,
      95
    ],
    "35": [
      93,
      87,
      95
    ],
    "13": [
      93,
      87,
      95
    ],
    "15": [
      93,
      87,
      95
    ],
    "16": [
      93,
      87,
      95
    ],
    "40": [
      93,
      95
    ],
    "21": [
      93,
      95
    ],
    "38": [
      87,
      95
    ],
    "46": [
      93,
      95
    ],
    "45": [
      93,
      87
    ],
    "36": [
      93,
      95
    ],
    "48": [
      87,
      95
    ],
    "18": [
      93,
      95
    ],
    "30": [
      93,
      95
    ],
    "3": [
      93,
      87,
      95
    ]
  },
  "base_generation": {
    "32": 0.5089718308888996,
    "29": 0.759999992726516,
    "81": 0.49999999766245556,
    "54": 0.5499999819510237,
    "78": 0.4999999969971751,
    "1": 0.0,
    "2": 0.0,
    "74": 3.999999993095139,
    "41": 1.5499999910409084,
    "65": 0.5499999798663183,
    "53": 0.549999981938178,
    "51": 0.0,
    "27": 0.0,
    "75": 0.49999999723355,
    "42": 1.549999990106588,
    "33": 3.5499999814630603,
    "28": 0.0,
    "52": 0.0,
    "50": 0.5499996606569528,
    "63": 0.5499999801154022,
    "92": 0.0,
    "88": 0.49999999640142906,
    "93": 0.49999999723995503,
    "26": 0.7599999922250226,
    "10": 0.5414969569213262,
    "77": 0.4999999970018612,
    "87": 0.4999999965764386,
    "24": 0.0,
    "58": 0.0,
    "25": 0.0,
    "23": 0.5455320134307117,
    "49": 0.5499996606794951,
    "59": 0.0,
    "5": 0.0,
    "31": 0.34861239721660114,
    "89": 0.49999999646321347,
    "62": 0.0,
    "43": 3.499999987062167,
    "90": 0.49999999707592,
    "39": 3.549999933112153,
    "34": 0.5376798033883368,
    "44": 0.0,
    "94": 0.49999999729623296,
    "55": 0.5499998016591476,
    "86": 0.49999999664145434,
    "17": 1.54999999038489,
    "71": 3.54999998283125,
    "37": 0.5305832759645648,
    "47": 0.0,
    "9": 3.5333073445353222,
    "73": 0.0,
    "82": 0.0,
    "12": 0.5414969569253035,
    "79": 0.4999999971017069,
    "20": 3.4999999859156365,
    "6": 0.0,
    "84": 0.4999999965261512,
    "80": 0.49999999683318985,
    "70": 0.5499999709079292,
    "14": 0.0,
    "7": 0.7599999927167536,
    "96": 0.4999999971297146,
    "57": 3.5499999885275813,
    "8": 0.7599999932664905,
    "64": 0.5499999800459064,
    "19": 1.5499999899039494,
    "91": 0.4999999964857697,
    "69": 0.549999971101462,
    "60": 0.0,
    "4": 0.7599999925885379,
    "22": 0.5455320131199634,
    "11": 0.541496956935851,
    "35": 0.5376798033309141,
    "13": 0.5414969569265878,
    "67": 3.549999988397942,
    "61": 0.0,
    "15": 0.0,
    "16": 1.5499999918929706,
    "40": 3.54999998637792,
    "46": 0.0,
    "21": 0.5455320133550975,
    "38": 1.5499999906257738,
    "72": 3.5499999823125434,
    "83": 0.49999999653676847,
    "45": 0.0,
    "68": 3.549999991465667,
    "56": 0.5499998017233747,
    "36": 0.5305832759626372,
    "95": 0.49999999733099515,
    "66": 1.5499999924756938,
    "76": 0.49999999707581827,
    "85": 0.4999999969303493,
    "48": 0.0,
    "18": 3.549999988833304,
    "30": 0.7599999923705338,
    "3": 0.759999992331745
  },
  "baseMVA": 100.0,
  "termination_status": "OPTIMAL",
  "total_base_shunt": 0.0,
  "load_shed": {},
  "total_ramping": {
    "up_ramping": {
      "32": 0.0,
      "29": 0.0,
      "1": 0.0,
      "12": 0.0,
      "48": 0.0,
      "20": 0.0,
      "2": 0.0,
      "6": 0.0,
      "41": 0.0,
      "27": 0.0,
      "42": 0.0,
      "33": 0.0,
      "28": 0.0,
      "50": 0.0,
      "14": 0.0,
      "7": 0.0,
      "8": 0.0,
      "26": 0.0,
      "10": 0.0,
      "19": 0.0,
      "24": 0.0,
      "4": 0.0,
      "25": 0.0,
      "23": 0.0,
      "22": 0.0,
      "11": 0.0,
      "35": 0.0,
      "13": 0.0,
      "49": 0.0,
      "5": 0.0,
      "15": 0.0,
      "31": 0.0,
      "43": 0.0,
      "16": 0.0,
      "39": 0.0,
      "40": 0.0,
      "21": 0.0,
      "38": 0.0,
      "46": 0.0,
      "34": 0.0,
      "44": 0.0,
      "45": 0.0,
      "36": 0.0,
      "17": 0.0,
      "37": 0.0,
      "47": 0.0,
      "9": 0.0,
      "18": 0.0,
      "30": 0.0,
      "3": 0.0
    },
    "down_ramping": {
      "32": 0.0,
      "29": 0.0,
      "1": 0.0,
      "12": 0.0,
      "48": 0.0,
      "20": 0.0,
      "2": 0.0,
      "6": 0.0,
      "41": 0.0,
      "27": 0.0,
      "42": 0.0,
      "33": 0.0,
      "28": 0.0,
      "50": 0.0,
      "14": 0.0,
      "7": 0.0,
      "8": 0.0,
      "26": 0.0,
      "10": 0.0,
      "19": 0.0,
      "24": 0.0,
      "4": 0.0,
      "25": 0.0,
      "23": 0.0,
      "22": 0.0,
      "11": 0.0,
      "35": 0.0,
      "13": 0.0,
      "49": 0.0,
      "5": 0.0,
      "15": 0.0,
      "31": 0.0,
      "43": 0.0,
      "16": 0.0,
      "39": 0.0,
      "40": 0.0,
      "21": 0.0,
      "38": 0.0,
      "46": 0.0,
      "34": 0.0,
      "44": 0.0,
      "45": 0.0,
      "36": 0.0,
      "17": 0.0,
      "37": 0.0,
      "47": 0.0,
      "9": 0.0,
      "18": 0.0,
      "30": 0.0,
      "3": 0.0
    }
  },
  "generator_ramping": {},
  "turned_off_branches": {
    "32": [
      23,
      19,
      21,
      120
    ],
    "29": [],
    "1": [
      23,
      19,
      21,
      120
    ],
    "12": [
      48,
      113,
      65,
      15,
      97
    ],
    "48": [],
    "20": [
      23,
      119,
      21,
      88,
      97
    ],
    "2": [
      48,
      113,
      65,
      15,
      97
    ],
    "6": [
      48,
      113,
      65,
      15,
      97
    ],
    "41": [
      23,
      19,
      21,
      120
    ],
    "27": [],
    "42": [
      23,
      119,
      21,
      88,
      97
    ],
    "33": [],
    "28": [
      48,
      113,
      65,
      15,
      97
    ],
    "50": [
      48,
      113,
      65,
      15,
      97
    ],
    "14": [
      23,
      119,
      21,
      88,
      97
    ],
    "7": [],
    "8": [
      48,
      113,
      65,
      15,
      97
    ],
    "26": [
      23,
      19,
      21,
      120
    ],
    "10": [
      23,
      19,
      21,
      120
    ],
    "19": [],
    "24": [],
    "4": [
      23,
      119,
      21,
      88,
      97
    ],
    "25": [
      48,
      113,
      65,
      15,
      97
    ],
    "23": [],
    "22": [],
    "11": [
      23,
      119,
      21,
      88,
      97
    ],
    "35": [
      23,
      119,
      21,
      88,
      97
    ],
    "13": [
      23,
      119,
      21,
      88,
      97
    ],
    "49": [
      23,
      119,
      21,
      88,
      97
    ],
    "5": [],