{
  "baseMVA": 100.0,
  "generation": {
    "32": {
      "cost_coeff": 43.99613183501683,
      "pg": 0.55
    },
    "29": {
      "cost_coeff": 23.735361611722833,
      "pg": 0.76
    },
    "81": {
      "cost_coeff": 0.0,
      "pg": 0.5
    },
    "54": {
      "cost_coeff": 48.51372934343434,
      "pg": 0.55
    },
    "78": {
      "cost_coeff": 0.0,
      "pg": 0.5
    },
    "1": {
      "cost_coeff": 118.38716995370369,
      "pg": 0.2
    },
    "2": {
      "cost_coeff": 118.38716995370369,
      "pg": 0.2
    },
    "74": {
      "cost_coeff": 8.1035,
      "pg": 4.0
    },
    "41": {
      "cost_coeff": 21.302951266427716,
      "pg": 1.55
    },
    "65": {
      "cost_coeff": 34.14462060606061,
      "pg": 0.55
    },
    "53": {
      "cost_coeff": 48.51372934343434,
      "pg": 0.55
    },
    "51": {
      "cost_coeff": 124.07359032407406,
      "pg": 0.0
    },
    "27": {
      "cost_coeff": 114.96343504629631,
      "pg": 0.2
    },
    "75": {
      "cost_coeff": 0.0,
      "pg": 0.5
    },
    "42": {
      "cost_coeff": 21.302951266427716,
      "pg": 1.55
    },
    "33": {
      "cost_coeff": 29.168291615738358,
      "pg": 3.55
    },
    "28": {
      "cost_coeff": 114.96343504629631,
      "pg": 0.2
    },
    "52": {
      "cost_coeff": 124.07359032407406,
      "pg": 0.0
    },
    "50": {
      "cost_coeff": 41.64213222222222,
      "pg": 0.55
    },
    "63": {
      "cost_coeff": 34.14462060606061,
      "pg": 0.55
    },
    "92": {
      "cost_coeff": 0.0,
      "pg": 0.0
    },
    "88": {
      "cost_coeff": 0.0,
      "pg": 0.5
    },
    "93": {
      "cost_coeff": 0.0,
      "pg": 0.5
    },
    "26": {
      "cost_coeff": 25.435791209655658,
      "pg": 0.76
    },
    "10": {
      "cost_coeff": 40.14569638047138,
      "pg": 0.55
    },
    "77": {
      "cost_coeff": 0.0,
      "pg": 0.5
    },
    "87": {
      "cost_coeff": 0.0,
      "pg": 0.5
    },
    "24": {
      "cost_coeff": 117.64910430555555,
      "pg": 0.2
    },
    "58": {
      "cost_coeff": 123.35636426143752,
      "pg": 0.12
    },
    "25": {
      "cost_coeff": 117.64910430555555,
      "pg": 0.2
    },
    "23": {
      "cost_coeff": 39.331251835016836,
      "pg": 0.55
    },
    "49": {
      "cost_coeff": 41.64213222222222,
      "pg": 0.55
    },
    "59": {
      "cost_coeff": 123.35636426143752,
      "pg": 0.12
    },
    "5": {
      "cost_coeff": 123.32824171296294,
      "pg": 0.2
    },
    "31": {
      "cost_coeff": 43.99613183501683,
      "pg": 0.5500000000000005
    },
    "89": {
      "cost_coeff": 0.0,
      "pg": 0.5
    },
    "62": {
      "cost_coeff": 123.35636426143752,
      "pg": 0.12
    },
    "43": {
      "cost_coeff": 22.624312447089945,
      "pg": 3.5
    },
    "90": {
      "cost_coeff": 0.0,
      "pg": 0.5
    },
    "39": {
      "cost_coeff": 35.82141730511828,
      "pg": 3.55
    },
    "34": {
      "cost_coeff": 40.14569638047138,
      "pg": 0.55
    },
    "44": {
      "cost_coeff": 58.652174949494956,
      "pg": 0.55
    },
    "94": {
      "cost_coeff": 0.0,
      "pg": 0.5
    },
    "55": {
      "cost_coeff": 41.26780735690236,
      "pg": 0.5500000000000009
    },
    "86": {
      "cost_coeff": 0.0,
      "pg": 0.5
    },
    "17": {
      "cost_coeff": 24.67496107526881,
      "pg": 1.55
    },
    "71": {
      "cost_coeff": 28.715664964338444,
      "pg": 3.55
    },
    "37": {
      "cost_coeff": 41.99752484848486,
      "pg": 0.55
    },
    "47": {
      "cost_coeff": 124.07359032407406,
      "pg": 0.0
    },
    "9": {
      "cost_coeff": 27.185603831837046,
      "pg": 3.55
    },
    "73": {
      "cost_coeff": 0.0,
      "pg": 0.0
    },
    "82": {
      "cost_coeff": 0.0,
      "pg": 0.0
    },
    "12": {
      "cost_coeff": 40.14569638047138,
      "pg": 0.55
    },
    "79": {
      "cost_coeff": 0.0,
      "pg": 0.5
    },
    "20": {
      "cost_coeff": 23.488738634920637,
      "pg": 3.5
    },
    "6": {
      "cost_coeff": 123.32824171296294,
      "pg": 0.2
    },
    "84": {
      "cost_coeff": 0.0,
      "pg": 0.5
    },
    "80": {
      "cost_coeff": 0.0,
      "pg": 0.5
    },
    "70": {
      "cost_coeff": 36.5010677946128,
      "pg": 0.55
    },
    "14": {
      "cost_coeff": 154.94393552756287,
      "pg": 0.0
    },
    "7": {
      "cost_coeff": 22.341218887016222,
      "pg": 0.76
    },
    "96": {
      "cost_coeff": 0.0,
      "pg": 0.5
    },
    "57": {
      "cost_coeff": 27.720264387297767,
      "pg": 3.55
    },
    "8": {
      "cost_coeff": 22.341218887016222,
      "pg": 0.76
    },
    "64": {
      "cost_coeff": 34.14462060606061,
      "pg": 0.55
    },
    "19": {
      "cost_coeff": 23.22601665471923,
      "pg": 1.55
    },
    "91": {
      "cost_coeff": 0.0,
      "pg": 0.5
    },
    "69": {
      "cost_coeff": 36.5010677946128,
      "pg": 0.55
    },
    "60": {
      "cost_coeff": 123.35636426143752,
      "pg": 0.12
    },
    "4": {
      "cost_coeff": 22.12794190296677,
      "pg": 0.76
    },
    "22": {
      "cost_coeff": 39.331251835016836,
      "pg": 0.55
    },
    "11": {
      "cost_coeff": 40.14569638047138,
      "pg": 0.55
    },
    "35": {
      "cost_coeff": 40.14569638047138,
      "pg": 0.55
    },
    "13": {
      "cost_coeff": 40.14569638047138,
      "pg": 0.55
    },
    "67": {
      "cost_coeff": 29.7150284854092,
      "pg": 3.55
    },
    "61": {
      "cost_coeff": 123.35636426143752,
      "pg": 0.12
    },
    "15": {
      "cost_coeff": 154.94393552756287,
      "pg": 0.0
    },
    "16": {
      "cost_coeff": 23.333282066905614,
      "pg": 1.55
    },
    "40": {
      "cost_coeff": 26.734682613243493,
      "pg": 3.55
    },
    "46": {
      "cost_coeff": 58.652174949494956,
      "pg": 0.55
    },
    "21": {
      "cost_coeff": 39.331251835016836,
      "pg": 0.55
    },
    "38": {
      "cost_coeff": 21.885746995221027,
      "pg": 1.55
    },
    "72": {
      "cost_coeff": 28.715664964338444,
      "pg": 3.55
    },
    "83": {
      "cost_coeff": 0.0,
      "pg": 0.5
    },
    "45": {
      "cost_coeff": 58.652174949494956,
      "pg": 0.55
    },
    "68": {
      "cost_coeff": 27.24417035311512,
      "pg": 3.55
    },
    "56": {
      "cost_coeff": 41.26780735690236,
      "pg": 0.55
    },
    "36": {
      "cost_coeff": 41.99752484848486,
      "pg": 0.55
    },
    "95": {
      "cost_coeff": 0.0,
      "pg": 0.5
    },
    "66": {
      "cost_coeff": 23.750912526881717,
      "pg": 1.55
    },
    "76": {
      "cost_coeff": 0.0,
      "pg": 0.5
    },
    "85": {
      "cost_coeff": 0.0,
      "pg": 0.5
    },
    "48": {
      "cost_coeff": 124.07359032407406,
      "pg": 0.054999999999995
    },
    "18": {
      "cost_coeff": 27.426400711881353,
      "pg": 3.55
    },
    "30": {
      "cost_coeff": 23.735361611722833,
      "pg": 0.76
    },
    "3": {
      "cost_coeff": 22.12794190296677,
      "pg": 0.76
    }
  },
  "total_shunt": 0.0,
  "termination_status": "OPTIMAL",
  "total_generation": 89.775,
  "objective_value": 2488.3597,
  "off_branch": [
    116,
    117,
    118,
    119,
    120
  ],
  "total_load": 89.775,
  "solve_time": 0.03
}
